이름,나이,거주지
이경원,32,인천
홍길동,25,신림동
아무개,23,신월동
이경원,32,인천
홍길동,25,신림동
아무개,23,신월동
이경원,32,인천
홍길동,25,신림동
아무개,23,신월동
이경원,32,인천
홍길동,25,신림동
아무개,23,신월동
이경원,32,인천
홍길동,25,신림동
아무개,23,신월동
이경원,32,인천
홍길동,25,신림동
아무개,23,신월동
이경원,32,인천
홍길동,25,신림동
아무개,23,신월동
이경원,32,인천
홍길동,25,신림동
아무개,23,신월동
이경원,32,인천
홍길동,25,신림동
아무개,23,신월동
이경원,32,인천
홍길동,25,신림동
아무개,23,신월동
이경원,32,인천
홍길동,25,신림동
아무개,23,신월동
이경원,32,인천
홍길동,25,신림동
아무개,23,신월동
이경원,32,인천
홍길동,25,신림동
아무개,23,신월동
이경원,32,인천
홍길동,25,신림동
아무개,23,신월동
이경원,32,인천
홍길동,25,신림동
아무개,23,신월동
이경원,32,인천
홍길동,25,신림동
아무개,23,신월동
이경원,32,인천
홍길동,25,신림동
아무개,23,신월동
이경원,32,인천
홍길동,25,신림동
아무개,23,신월동
이경원,32,인천
홍길동,25,신림동
아무개,23,신월동
이경원,32,인천
홍길동,25,신림동
아무개,23,신월동
이경원,32,인천
홍길동,25,신림동
아무개,23,신월동
이경원,32,인천
홍길동,25,신림동
아무개,23,신월동
이경원,32,인천
홍길동,25,신림동
아무개,23,신월동
이경원,32,인천
홍길동,25,신림동
아무개,23,신월동
이경원,32,인천
홍길동,25,신림동
아무개,23,신월동
이경원,32,인천
홍길동,25,신림동
아무개,23,신월동
이경원,32,인천
홍길동,25,신림동
아무개,23,신월동
이경원,32,인천
홍길동,25,신림동
아무개,23,신월동
이경원,32,인천
홍길동,25,신림동
아무개,23,신월동
이경원,32,인천
홍길동,25,신림동
아무개,23,신월동
이경원,32,인천
홍길동,25,신림동
아무개,23,신월동
이경원,32,인천
홍길동,25,신림동
아무개,23,신월동
이경원,32,인천
홍길동,25,신림동
아무개,23,신월동
이경원,32,인천
홍길동,25,신림동
아무개,23,신월동
이경원,32,인천
홍길동,25,신림동
아무개,23,신월동
,32,인천
,25,신림동
,23,신월동